"wmc","dit","noc","cbo","rfc","lcom","ca","ce","npm","lcom3","loc","dam","moa","mfa","cam","ic","cbm","amc","max_cc","avg_cc","bug"
"1.9459101","0.6931472","0.0","1.0986123","2.8332133","1.3862944","0.0","1.0986123","1.7917595","0.6241543","4.5108595","0.28768212","0.0","0.0","0.38299227","0.0","0.0","2.6741486","1.0986123","0.8472836","Yes"
"2.3025851","0.6931472","0.6931472","2.0794415","2.8903718","3.5553482","0.6931472","1.9459101","1.609438","0.52324814","4.543295","0.6931472","1.0986123","0.0","0.30147538","0.0","0.0","2.3136349","0.6931472","0.6359947","Yes"
"1.7917595","1.0986123","0.0","2.3978953","2.5649493","2.3978953","1.609438","2.1972246","1.7917595","1.0986123","4.1431346","0.0","0.0","0.6435502","0.3364722","0.6931472","1.0986123","2.5176964","0.6931472","0.47000363","No"
"2.0794415","1.3862944","0.0","2.4849067","3.465736","2.3025851","0.0","2.4849067","1.7917595","0.4054651","5.655992","0.6931472","0.0","0.4519851","0.35667497","0.0","0.0","3.6995368","0.6931472","0.6190161","Yes"
"2.0794415","0.6931472","0.0","2.1972246","3.0445225","2.4849067","0.0","2.1972246","1.9459101","0.4054651","4.5217886","0.28768212","0.0","0.0","0.4054651","0.0","0.0","2.5314267","1.0986123","0.76216006","Yes"
"1.7917595","1.0986123","0.0","2.1972246","2.5649493","0.0","1.609438","1.9459101","1.7917595","0.22314355","4.0073333","0.6931472","0.0","0.6435502","0.3600028","0.0","0.0","2.3608541","0.6931472","0.47000363","Yes"
"2.8903718","0.6931472","1.0986123","3.295837","3.0445225","4.574711","3.1780539","1.609438","2.8903718","0.64331484","4.7957907","0.6931472","1.0986123","0.0","0.21130908","0.0","0.0","1.8763169","1.3862944","0.72212327","Yes"
"2.5649493","1.3862944","0.0","2.1972246","3.4339871","4.1743875","0.6931472","2.0794415","2.4849067","0.6931472","4.543295","0.6931472","0.0","0.6525619","0.47378436","0.6931472","1.0986123","2.0259528","0.6931472","0.45951128","No"
"1.7917595","0.6931472","0.0","1.3862944","2.9957323","1.0986123","0.0","1.3862944","1.3862944","0.5108257","5.062595","0.6931472","0.6931472","0.0","0.28768212","0.0","0.0","3.4275146","1.3862944","0.6931472","Yes"
"1.3862944","1.0986123","0.0","1.0986123","1.9459101","1.3862944","0.0","1.0986123","0.6931472","1.0986123","2.5649493","0.0","0.0","0.5389965","0.5108257","0.6931472","1.0986123","1.3862944","0.6931472","0.5108456","Yes"
"1.9459101","1.0986123","0.0","2.1972246","3.0445225","2.7725887","0.0","2.1972246","1.7917595","0.6931472","4.4886365","0.0","0.0","0.52324814","0.34830666","0.6931472","0.6931472","2.6741486","1.0986123","0.6931472","No"
"0.0","0.6931472","0.0","1.7917595","0.0","0.0","1.7917595","0.0","0.0","1.0986123","3.988984","0.0","0.0","0.0","0.0","0.0","0.0","0.0","0.0","0.0","Yes"
"1.3862944","0.6931472","0.0","0.6931472","2.3978953","0.6931472","0.6931472","0.0","1.0986123","0.4054651","4.4426513","0.0","0.0","0.0","0.4054651","0.0","0.0","3.3202283","2.3978953","1.4663295","No"
"2.6390574","0.6931472","0.0","2.7080503","3.9512436","2.8332133","0.6931472","2.6390574","1.9459101","0.5163658","6.423247","0.6931472","1.3862944","0.0","0.3142491","0.0","0.0","3.8419306","2.5649493","1.4053369","Yes"
"1.609438","1.0986123","0.0","2.4849067","3.1354942","1.9459101","1.609438","2.3025851","1.609438","1.0986123","5.049856","0.0","0.0","0.65924567","0.34830666","0.6931472","0.6931472","3.6571307","0.6931472","0.4054651","Yes"
"2.3978953","1.0986123","0.0","2.6390574","3.6888795","3.7841897","1.0986123","2.4849067","2.0794415","0.5753642","5.6240177","0.6931472","0.0","0.38299227","0.22067134","0.0","0.0","3.314186","1.7917595","0.91629076","Yes"
"1.3862944","1.0986123","0.0","1.0986123","2.7080503","0.0","0.6931472","0.6931472","1.3862944","0.0","3.7612002","0.6931472","0.0","0.5108257","0.44183278","0.0","0.0","2.6149597","0.6931472","0.5108456","Yes"
"0.6931472","0.6931472","0.0","1.7917595","0.6931472","0.0","1.609438","0.6931472","0.6931472","1.0986123","0.6931472","0.0","0.0","0.0","0.6931472","0.0","0.0","0.0","0.6931472","0.6931472","Yes"
"1.609438","1.3862944","0.0","1.609438","3.0910425","1.609438","0.6931472","1.3862944","1.3862944","0.44183278","5.332719","0.28768212","0.0","0.5705449","0.37729427","0.6931472","0.6931472","3.912023","3.0910425","1.9095426","Yes"
"1.9459101","1.0986123","0.0","1.9459101","2.3025851","2.6390574","1.609438","1.609438","1.7917595","0.5877866","3.3672957","0.6931472","0.0","0.6435502","0.3364722","0.0","0.0","1.5040774","0.6931472","0.4054651","No"
"1.7917595","0.6931472","0.0","1.609438","1.7917595","2.3978953","1.3862944","0.6931472","1.7917595","1.0986123","1.7917595","0.0","0.0","0.0","0.64185387","0.0","0.0","0.0","0.6931472","0.6931472","Yes"
"1.609438","1.0986123","0.0","2.4849067","3.0910425","1.9459101","1.609438","2.3025851","1.609438","1.0986123","5.1416636","0.0","0.0","0.65924567","0.34830666","0.6931472","0.6931472","3.749504","0.6931472","0.4054651","Yes"
"1.7917595","1.0986123","0.0","2.4849067","3.0910425","2.3978953","1.609438","2.3025851","1.7917595","1.0986123","5.043425","0.0","0.0","0.6435502","0.3364722","0.6931472","0.6931472","3.4275146","0.6931472","0.47000363","Yes"
"1.3862944","1.0986123","0.0","1.0986123","1.9459101","1.3862944","0.0","1.0986123","0.6931472","1.0986123","2.5649493","0.0","0.0","0.5389965","0.5108257","0.6931472","1.0986123","1.3862944","0.6931472","0.5108456","Yes"
"1.9459101","0.6931472","0.0","2.1972246","3.4339871","0.0","0.0","2.1972246","1.609438","0.28768212","5.1298985","0.6931472","0.6931472","0.0","0.34830666","0.0","0.0","3.314186","1.0986123","0.8472836","No"
"3.4339871","0.6931472","3.7841897","4.2341065","3.912023","5.886104","4.0943446","2.5649493","3.4339871","0.64333767","5.948035","0.6466272","2.0794415","0.0","0.16268554","0.6931472","0.6931472","2.5150046","1.609438","0.8472836","Yes"
"1.9459101","0.6931472","0.0","2.0794415","3.0445225","2.3025851","2.0794415","0.0","1.609438","0.53062826","5.2257466","0.22314355","0.0","0.0","0.3364722","0.0","0.0","3.4067376","1.9459101","1.0986123","Yes"
"1.7917595","1.0986123","0.0","2.3025851","2.4849067","2.3978953","1.7917595","1.9459101","1.7917595","1.0986123","3.465736","0.0","0.0","0.6435502","0.3364722","0.6931472","1.0986123","1.8245493","0.6931472","0.47000363","No"
"1.7917595","1.0986123","0.0","2.4849067","3.0910425","2.3978953","1.609438","2.3025851","1.7917595","1.0986123","5.0369525","0.0","0.0","0.6435502","0.3364722","0.6931472","0.6931472","3.421","0.6931472","0.47000363","Yes"
"1.0986123","0.6931472","0.0","1.7917595","1.0986123","0.6931472","1.7917595","0.6931472","1.0986123","1.0986123","1.0986123","0.0","0.0","0.0","0.5596158","0.0","0.0","0.0","0.6931472","0.6931472","No"
"2.4849067","1.0986123","0.0","2.1972246","3.7841897","3.3322046","0.0","2.1972246","1.9459101","0.5472953","6.261492","0.6931472","0.0","0.42121348","0.2513144","0.0","0.0","3.8482115","1.7917595","1.0678438","Yes"
"2.9957323","1.0986123","0.0","0.6931472","3.4011974","4.1271343","0.6931472","0.0","2.7080503","0.5364212","5.8377304","0.5108257","0.0","0.38136756","0.26662868","0.6931472","1.0986123","2.8637035","1.0986123","0.61090624","No"
"1.0986123","0.6931472","0.0","1.9459101","2.7080503","0.6931472","0.6931472","1.7917595","1.0986123","1.0986123","3.912023","0.0","0.0","0.0","0.4054651","0.0","0.0","3.198673","0.6931472","0.4054651","Yes"
"1.3862944","1.0986123","0.0","1.7917595","1.9459101","1.3862944","1.609438","1.3862944","1.3862944","1.0986123","2.8903718","0.0","0.0","0.67575544","0.42744398","0.0","0.0","1.734601","0.6931472","0.28765708","No"
"2.1972246","1.0986123","0.0","2.1972246","4.0073333","1.609438","0.0","2.1972246","1.7917595","0.4519851","6.025866","0.6931472","0.0","0.4769241","0.31845373","0.6931472","0.6931472","3.9367156","2.3025851","1.3545457","Yes"
"1.7917595","0.6931472","0.0","1.609438","1.7917595","2.3978953","1.0986123","1.0986123","1.7917595","1.0986123","1.7917595","0.0","0.0","0.0","0.4054651","0.0","0.0","0.0","0.6931472","0.6931472","No"
"1.3862944","1.0986123","0.0","1.0986123","1.9459101","1.3862944","0.0","1.0986123","0.6931472","1.0986123","2.5649493","0.0","0.0","0.5389965","0.5108257","0.6931472","1.0986123","1.3862944","0.6931472","0.5108456","Yes"
"2.1972246","1.0986123","0.0","2.8903718","3.7612002","0.0","1.7917595","2.7080503","2.1972246","0.42121348","5.3936276","0.6931472","0.6931472","0.6007739","0.24783616","0.6931472","0.6931472","3.295837","0.6931472","0.5596158","Yes"
"2.5649493","0.6931472","0.0","3.0910425","3.583519","4.204693","1.9459101","2.7725887","2.3025851","1.0986123","5.7589016","0.0","0.0","0.0","0.2588616","0.0","0.0","3.2708356","1.3862944","0.9808417","Yes"
"2.6390574","1.0986123","0.6931472","1.7917595","2.8903718","4.204693","0.6931472","1.609438","2.6390574","0.5596158","4.564348","0.6931472","0.6931472","0.41985384","0.3794896","0.0","0.0","1.9783454","1.609438","0.8690315","Yes"
"1.9459101","1.3862944","0.0","1.0986123","2.9957323","2.7725887","1.0986123","0.0","1.609438","0.751416","5.220356","0.0","0.0","0.59470713","0.4054651","0.6931472","0.6931472","3.3956263","2.7080503","1.343726","No"
"1.609438","1.0986123","0.0","1.3862944","2.8903718","0.0","0.6931472","1.0986123","1.0986123","0.44183278","4.7004805","0.28768212","0.0","0.4519851","0.37156358","0.0","0.0","3.2771447","1.9459101","1.0986123","Yes"
"3.637586","0.6931472","0.0","2.8332133","4.5325994","0.0","1.3862944","2.6390574","3.5553482","0.4054651","6.0844994","0.6931472","0.6931472","0.0","0.16362941","0.6931472","0.6931472","2.4667244","2.5649493","0.75851345","No"
"2.3025851","0.6931472","0.6931472","2.5649493","3.9318256","0.0","0.6931472","2.4849067","1.9459101","0.4982468","5.7589016","0.5108257","0.6931472","0.0","0.3204719","0.0","0.0","3.5393476","1.3862944","0.9808417","Yes"
"0.6931472","0.6931472","0.0","2.4849067","0.6931472","0.0","2.4849067","0.0","0.6931472","1.0986123","0.6931472","0.0","0.0","0.0","0.6931472","0.0","0.0","0.0","0.6931472","0.6931472","Yes"
"1.7917595","1.0986123","0.0","2.4849067","3.0910425","2.3978953","1.609438","2.3025851","1.7917595","1.0986123","5.0369525","0.0","0.0","0.6435502","0.3364722","0.6931472","0.6931472","3.421","0.6931472","0.47000363","Yes"
"1.7917595","1.0986123","0.0","2.4849067","3.295837","2.3978953","1.609438","2.3025851","1.7917595","1.0986123","5.351858","0.0","0.0","0.6435502","0.3364722","1.0986123","1.0986123","3.7376697","0.6931472","0.47000363","Yes"
"5.030438","0.6931472","0.0","4.204693","5.5053315","8.974745","3.8918202","4.1108737","3.9318256","0.56621647","9.009203","0.5798185","2.3978953","0.0","0.13601172","0.0","0.0","3.98177","2.5649493","1.2842063","Yes"
"2.4849067","0.6931472","0.0","1.3862944","2.9957323","3.465736","0.6931472","1.0986123","2.3025851","0.5877866","5.0875964","0.4054651","0.0","0.0","0.3364722","0.0","0.0","2.6583505","1.7917595","1.0360985","Yes"
"3.3672957","0.6931472","0.0","2.944439","4.2341065","0.0","1.3862944","2.7725887","3.3672957","0.0","6.0684257","0.6931472","0.6931472","0.0","0.22314355","0.0","0.0","2.7315807","1.0986123","0.65679437","Yes"
"1.7917595","0.6931472","0.0","2.5649493","1.7917595","2.3978953","2.1972246","1.609438","1.7917595","1.0986123","1.7917595","0.0","0.0","0.0","0.5187938","0.0","0.0","0.0","0.6931472","0.6931472","No"
"1.609438","0.6931472","0.0","2.1972246","2.7080503","1.9459101","2.1972246","0.0","1.3862944","1.0986123","4.204693","0.0","0.0","0.0","0.34830666","0.0","0.0","2.8033605","1.7917595","1.011601","Yes"
"1.0986123","1.0986123","0.0","1.0986123","1.7917595","0.6931472","0.6931472","0.6931472","0.6931472","1.0986123","2.4849067","0.0","0.0","0.6632942","0.6061358","0.6931472","1.0986123","1.704748","0.6931472","0.4054651","No"
"1.3862944","0.6931472","0.0","1.609438","1.3862944","1.3862944","1.609438","0.0","1.3862944","1.0986123","1.3862944","0.0","0.0","0.0","0.5108257","0.0","0.0","0.0","0.6931472","0.6931472","No"
"1.3862944","1.0986123","0.0","1.609438","2.1972246","1.3862944","0.6931472","1.3862944","1.3862944","1.0986123","3.1780539","0.0","0.0","0.6854251","0.4054651","0.6931472","0.6931472","2.036882","0.6931472","0.28765708","No"
"2.0794415","1.0986123","0.0","2.8332133","3.583519","2.3025851","1.609438","2.7080503","1.7917595","0.44895017","5.4380794","0.5877866","1.3862944","0.6143663","0.28256693","0.6931472","0.6931472","3.465736","0.6931472","0.5390048","Yes"
"1.3862944","1.0986123","0.0","1.0986123","1.9459101","1.3862944","0.0","1.0986123","0.6931472","1.0986123","2.5649493","0.0","0.0","0.5389965","0.5108257","0.6931472","1.0986123","1.3862944","0.6931472","0.5108456","Yes"
"1.7917595","1.0986123","0.0","2.3025851","2.9957323","2.3978953","1.609438","2.0794415","1.7917595","1.0986123","4.4426513","0.0","0.0","0.6435502","0.3364722","0.6931472","0.6931472","2.821379","0.6931472","0.47000363","No"
"2.5649493","0.6931472","0.0","1.0986123","3.2580965","0.0","0.6931472","0.6931472","0.0","0.3621147","5.389072","0.6931472","0.0","0.0","0.33349162","0.0","0.0","2.8763855","1.3862944","0.8472836","Yes"
"3.7376697","0.6931472","0.0","3.912023","3.7376697","6.710523","3.912023","3.7376697","3.7376697","1.0986123","3.7376697","0.0","0.0","0.0","0.067441314","0.0","0.0","0.0","0.6931472","0.6931472","No"
"1.7917595","0.6931472","0.0","3.4339871","1.7917595","2.3978953","3.4339871","0.0","1.7917595","1.0986123","1.7917595","0.0","0.0","0.0","0.5108257","0.0","0.0","0.0","0.6931472","0.6931472","No"
"1.3862944","1.0986123","0.0","1.3862944","1.9459101","1.3862944","0.0","1.3862944","1.3862944","1.0986123","2.8903718","0.0","0.0","0.67575544","0.42744398","0.0","0.0","1.734601","0.6931472","0.28765708","No"
"1.609438","1.609438","1.609438","2.3978953","2.0794415","0.0","2.3025851","0.6931472","1.609438","0.5108257","3.583519","0.6931472","0.0","0.6567795","0.5108257","0.0","0.0","2.1102133","0.6931472","0.22314355","Yes"
"1.9459101","0.6931472","0.0","1.9459101","3.2580965","0.0","0.6931472","1.7917595","1.9459101","0.3364722","4.4308167","0.6931472","0.6931472","0.0","0.37729427","0.0","0.0","2.6026897","1.0986123","0.6931472","Yes"
"2.1972246","1.0986123","0.0","2.3978953","3.5263605","3.295837","0.0","2.3978953","1.9459101","0.721318","5.0689044","0.0","0.0","0.4989912","0.3053817","0.6931472","0.6931472","2.9509964","1.3862944","0.7537718","Yes"
"1.7917595","1.7917595","0.0","3.1780539","2.0794415","0.0","3.0445225","1.3862944","1.7917595","0.52324814","3.8286414","0.6931472","0.0","0.6007739","0.4054651","0.0","0.0","2.104134","0.6931472","0.47000363","Yes"
"1.609438","1.0986123","0.0","2.4849067","3.0445225","1.9459101","1.609438","2.3025851","1.609438","1.0986123","4.934474","0.0","0.0","0.65924567","0.34830666","0.6931472","0.6931472","3.5409594","0.6931472","0.4054651","Yes"
"1.609438","1.0986123","0.6931472","2.8332133","2.8332133","1.609438","2.4849067","1.7917595","1.609438","0.8472979","4.4308167","0.0","0.0","0.5877866","0.31845373","0.0","0.0","3.0204248","0.6931472","0.4054651","Yes"
"3.2580965","0.6931472","0.0","2.0794415","4.3694477","5.273","1.0986123","1.7917595","2.8903718","0.6306268","6.274762","0.5465437","1.3862944","0.0","0.23262227","0.0","0.0","3.0330281","1.3862944","0.7129498","No"
"1.609438","0.6931472","0.0","0.6931472","2.8332133","0.0","0.6931472","0.0","1.609438","0.36772478","4.356709","0.6931472","0.0","0.0","0.48550782","0.0","0.0","2.9177706","1.0986123","0.8109302","No"
"1.7917595","1.0986123","0.0","1.7917595","2.3978953","2.3978953","0.6931472","1.609438","1.7917595","1.0986123","3.4965076","0.0","0.0","0.6216882","0.5108257","0.0","0.0","1.856298","0.6931472","0.5877866","No"
"2.3978953","0.6931472","0.0","1.7917595","2.3978953","3.8286414","1.3862944","1.0986123","2.3978953","1.0986123","2.3978953","0.0","0.0","0.0","0.23638877","0.0","0.0","0.0","0.6931472","0.6931472","Yes"
"2.944439","0.6931472","0.0","1.3862944","3.6109178","4.89784","1.0986123","1.3862944","2.944439","0.56798404","5.7004437","0.0","0.6931472","0.0","0.28768212","0.0","0.0","2.8033605","1.609438","0.87083304","No"
"2.7725887","1.609438","0.0","3.1354942","4.4998097","3.9512436","0.6931472","3.1354942","2.4849067","0.60241836","6.6554403","0.61903924","0.6931472","0.6140098","0.31724086","1.0986123","1.0986123","3.9278963","1.7917595","0.90288126","No"
"1.7917595","1.0986123","0.0","2.7080503","3.4339871","0.0","1.609438","2.5649493","1.7917595","0.3364722","5.5012584","0.6931472","0.6931472","0.6435502","0.3600028","0.6931472","0.6931472","3.8670256","1.609438","0.7884574","Yes"
"0.0","0.6931472","0.0","4.1271343","0.0","0.0","4.0775375","1.609438","0.0","1.0986123","0.0","0.0","0.0","0.0","0.0","0.0","0.0","0.0","0.0","0.0","No"
"1.3862944","1.0986123","0.0","1.7917595","1.9459101","1.3862944","1.609438","1.3862944","1.3862944","1.0986123","2.8903718","0.0","0.0","0.67575544","0.42744398","0.0","0.0","1.734601","0.6931472","0.28765708","No"
"1.7917595","1.0986123","0.0","2.3025851","2.6390574","2.1972246","1.609438","2.0794415","1.7917595","0.5596158","3.7376697","0.6931472","0.0","0.6435502","0.3364722","0.0","0.0","2.0794415","0.6931472","0.47000363","No"
"1.9459101","0.6931472","0.0","1.7917595","3.2580965","0.0","0.6931472","1.609438","1.9459101","0.3364722","4.919981","0.6931472","0.6931472","0.0","0.37729427","0.0","0.0","3.0910425","1.7917595","1.0414422","Yes"
"3.218876","0.6931472","0.0","3.8066626","3.218876","5.6240177","3.637586","2.0794415","3.218876","1.0986123","3.218876","0.0","0.0","0.0","0.21837029","0.0","0.0","0.0","0.6931472","0.6931472","Yes"
"1.3862944","0.6931472","0.0","1.9459101","1.3862944","1.3862944","1.0986123","1.609438","1.3862944","0.91629076","1.7917595","0.0","0.0","0.0","0.4595323","0.0","0.0","0.0","0.6931472","0.6931472","No"
"1.9459101","0.6931472","0.0","1.0986123","2.6390574","0.0","0.0","1.0986123","1.9459101","0.3364722","3.9512436","0.6931472","0.0","0.0","0.6061358","0.0","0.0","2.1000607","0.6931472","0.6061176","Yes"
"1.609438","1.0986123","0.0","2.1972246","2.5649493","1.9459101","1.609438","1.9459101","1.609438","1.0986123","4.2195077","0.0","0.0","0.65924567","0.34830666","0.6931472","0.6931472","2.8183982","0.6931472","0.4054651","Yes"
"1.7917595","1.0986123","0.0","2.1972246","2.3978953","2.3978953","1.609438","1.9459101","1.7917595","1.0986123","3.6888795","0.0","0.0","0.6435502","0.3364722","0.6931472","1.0986123","2.0541236","0.6931472","0.47000363","No"
"1.3862944","0.6931472","0.0","2.3025851","1.3862944","1.3862944","1.9459101","1.3862944","1.3862944","1.0986123","1.3862944","0.0","0.0","0.0","0.65924567","0.0","0.0","0.0","0.6931472","0.6931472","Yes"
"1.3862944","0.6931472","0.0","1.609438","2.1972246","0.6931472","1.3862944","0.6931472","0.0","0.4054651","3.8286414","0.6931472","0.0","0.0","0.4054651","0.0","0.0","2.6855774","1.0986123","0.5108456","No"
"1.7917595","1.0986123","0.6931472","2.1972246","3.1780539","1.609438","1.0986123","1.9459101","1.3862944","0.22314355","4.7791233","0.6931472","0.6931472","0.4519851","0.37647754","0.0","0.0","3.152736","1.0986123","0.5877866","Yes"
"1.3862944","1.3862944","0.0","1.9459101","3.0910425","1.3862944","0.6931472","1.7917595","1.0986123","1.0986123","4.634729","0.0","0.0","0.62860864","0.54361546","1.0986123","1.0986123","3.5263605","1.3862944","0.6931472","Yes"
"1.7917595","0.6931472","0.0","1.609438","1.7917595","2.3978953","1.0986123","1.0986123","1.7917595","1.0986123","1.7917595","0.0","0.0","0.0","0.47000363","0.0","0.0","0.0","0.6931472","0.6931472","Yes"
"1.0986123","1.0986123","0.0","1.609438","2.1972246","0.0","0.6931472","1.3862944","1.0986123","0.0","3.5263605","0.6931472","0.0","0.68171847","0.48550782","0.0","0.0","2.7725887","1.0986123","0.6931472","Yes"
"1.0986123","1.0986123","0.0","1.0986123","1.609438","0.6931472","0.0","1.0986123","1.0986123","1.0986123","2.3978953","0.0","0.0","0.6359887","0.5108257","0.0","0.0","1.609438","0.6931472","0.4054651","No"
"2.8332133","0.6931472","0.0","2.4849067","3.9702919","4.727388","2.4849067","0.0","2.5649493","0.60249275","6.7511015","0.42744398","0.0","0.0","0.20430048","0.0","0.0","3.959622","2.944439","1.7160476","Yes"
"3.7841897","1.0986123","0.0","3.8066626","3.9702919","6.80017","0.0","3.8066626","3.7376697","0.011834413","5.8318825","0.6931472","0.0","0.40937904","0.06541695","0.0","0.0","2.0618458","1.609438","0.7274519","Yes"
"0.6931472","0.6931472","0.0","2.1972246","0.6931472","0.0","2.0794415","0.6931472","0.6931472","1.0986123","0.6931472","0.0","0.0","0.0","0.6931472","0.0","0.0","0.0","0.6931472","0.6931472","Yes"
"1.609438","1.0986123","0.0","2.3025851","3.1354942","1.9459101","1.609438","2.0794415","1.609438","1.0986123","5.062595","0.0","0.0","0.65924567","0.34830666","0.6931472","0.6931472","3.6699514","0.6931472","0.4054651","Yes"
"2.4849067","0.6931472","0.0","2.6390574","3.713572","0.0","1.0986123","2.4849067","2.3978953","0.50900584","6.364751","0.6931472","1.3862944","0.0","0.22054274","0.0","0.0","3.945985","1.3862944","0.7801502","Yes"
"1.3862944","0.6931472","0.0","2.3025851","1.3862944","1.3862944","2.1972246","0.6931472","1.3862944","1.0986123","1.3862944","0.0","0.0","0.0","0.5108257","0.0","0.0","0.0","0.6931472","0.6931472","Yes"
"1.609438","0.6931472","0.0","1.609438","1.609438","1.9459101","1.609438","0.0","1.609438","1.0986123","1.609438","0.0","0.0","0.0","0.4054651","0.0","0.0","0.0","0.6931472","0.6931472","No"
"1.7917595","0.6931472","1.3862944","1.9459101","1.9459101","0.0","1.7917595","0.6931472","1.609438","0.48550782","3.4339871","0.6931472","0.6931472","0.0","0.38299227","0.0","0.0","1.7227666","1.0986123","0.6931472","Yes"
"3.0445225","1.0986123","0.0","2.1972246","3.3322046","4.7791233","1.7917595","1.3862944","2.8903718","0.38776553","4.8675346","0.6931472","0.6931472","0.4054651","0.27510324","0.6931472","1.3862944","1.856298","0.6931472","0.6678294","Yes"
"1.7917595","1.0986123","0.0","2.4849067","3.295837","2.3978953","1.609438","2.3025851","1.7917595","1.0986123","5.32301","0.0","0.0","0.6435502","0.3364722","1.0986123","1.0986123","3.708682","0.6931472","0.47000363","Yes"
"2.3978953","0.6931472","0.0","1.3862944","3.713572","3.6888795","0.0","1.3862944","1.609438","0.67445505","6.154858","0.6931472","0.0","0.0","0.32850403","0.0","0.0","3.8437443","2.1972246","1.1939224","No"
"1.609438","0.6931472","0.0","1.7917595","2.8903718","0.0","0.0","1.7917595","1.609438","0.28768212","4.5108595","0.0","1.0986123","0.0","0.4054651","0.0","0.0","3.0796137","1.3862944","0.91629076","Yes"
"1.3862944","0.6931472","0.0","1.7917595","2.5649493","0.0","0.0","1.7917595","1.3862944","0.62860864","4.1271343","0.5596158","0.6931472","0.0","0.44183278","0.0","0.0","2.944439","1.609438","0.9808417","Yes"
"0.6931472","0.6931472","0.0","1.0986123","0.6931472","0.0","1.0986123","0.0","0.6931472","1.0986123","0.6931472","0.0","0.0","0.0","0.6931472","0.0","0.0","0.0","0.6931472","0.6931472","Yes"
"1.7917595","1.0986123","0.0","1.9459101","2.4849067","2.1972246","1.609438","1.609438","1.7917595","0.62860864","3.637586","0.4054651","0.0","0.6435502","0.3364722","0.0","0.0","1.9459101","0.6931472","0.47000363","No"
"1.3862944","0.6931472","0.0","1.609438","1.3862944","1.3862944","1.609438","0.0","1.3862944","1.0986123","1.3862944","0.0","0.0","0.0","0.5108257","0.0","0.0","0.0","0.6931472","0.6931472","No"
"1.3862944","1.0986123","0.0","1.3862944","1.9459101","1.3862944","0.0","1.3862944","1.3862944","1.0986123","2.8903718","0.0","0.0","0.67575544","0.42744398","0.0","0.0","1.734601","0.6931472","0.28765708","No"
"2.7725887","1.0986123","0.0","2.9957323","3.9318256","3.6888795","1.3862944","2.8332133","2.5649493","0.5942592","6.1903152","0.6931472","0.6931472","0.28768212","0.21271905","0.0","0.0","3.4573677","1.3862944","0.81832504","Yes"
"1.3862944","1.0986123","0.0","1.7917595","1.9459101","1.3862944","1.609438","1.3862944","1.3862944","1.0986123","2.8903718","0.0","0.0","0.67575544","0.42744398","0.0","0.0","1.734601","0.6931472","0.28765708","No"
"2.7725887","0.6931472","0.0","2.944439","3.3322046","3.4011974","2.3978953","2.3978953","2.7725887","0.5250102","5.902633","0.6061358","0.0","0.0","0.16362941","0.0","0.0","3.1752722","2.0794415","1.0296195","Yes"
"2.1972246","1.7917595","0.0","3.8918202","2.7725887","1.9459101","3.8286414","1.3862944","2.1972246","0.5930637","4.553877","0.6931472","0.0","0.5108257","0.31845373","0.6931472","0.6931472","2.3978953","1.0986123","0.6931472","Yes"
"0.6931472","0.6931472","0.0","1.609438","0.6931472","0.0","1.3862944","0.6931472","0.6931472","1.0986123","0.6931472","0.0","0.0","0.0","0.6931472","0.0","0.0","0.0","0.6931472","0.6931472","Yes"
"3.0910425","0.6931472","1.0986123","4.317488","3.3672957","5.3423343","4.2904596","1.0986123","2.8903718","0.0","4.983607","0.6931472","0.6931472","0.0","0.34325194","0.0","0.0","1.9252908","1.0986123","0.6690594","Yes"
"1.7917595","0.6931472","0.0","2.1972246","3.465736","1.0986123","1.7917595","1.609438","1.3862944","0.7339693","5.0875964","0.28768212","1.0986123","0.0","0.30748472","0.0","0.0","3.3945084","2.3025851","1.2237755","Yes"
"1.609438","1.0986123","0.0","2.3025851","2.1972246","1.9459101","1.609438","2.0794415","1.609438","1.0986123","3.1780539","0.0","0.0","0.65924567","0.3313571","0.0","0.0","1.7491999","0.6931472","0.4054651","Yes"
"3.218876","0.6931472","0.0","2.5649493","4.317488","5.616771","2.5649493","0.0","3.1780539","0.67116827","6.5957804","0.6931472","0.0","0.0","0.15570226","0.0","0.0","3.4149907","2.1972246","1.2762842","Yes"
"1.609438","1.0986123","0.0","2.3978953","2.3978953","1.9459101","1.609438","2.1972246","1.609438","1.0986123","3.637586","0.0","0.0","0.65924567","0.3313571","0.6931472","0.6931472","2.2246234","0.6931472","0.4054651","No"
"1.7917595","1.0986123","0.0","2.3978953","2.4849067","2.3978953","1.609438","2.1972246","1.7917595","1.0986123","3.4965076","0.0","0.0","0.6435502","0.31585297","0.6931472","1.0986123","1.856298","0.6931472","0.47000363","No"
"1.609438","0.6931472","0.0","1.7917595","2.8903718","1.9459101","1.0986123","1.3862944","1.609438","1.0986123","5.398163","0.0","0.0","0.0","0.2719337","0.0","0.0","4.0073333","2.7080503","1.609438","Yes"
"1.609438","1.3862944","0.0","2.4849067","3.4339871","1.9459101","0.0","2.4849067","1.609438","1.0986123","5.609472","0.0","0.0","0.5465437","0.3629055","0.6931472","0.6931472","4.2195077","0.6931472","0.5596158","Yes"
"1.609438","0.6931472","0.0","2.6390574","1.609438","1.9459101","2.5649493","0.6931472","1.609438","0.8472979","2.7080503","0.0","0.0","0.0","0.4382549","0.0","0.0","0.0","0.6931472","0.6931472","Yes"
"1.3862944","0.6931472","0.0","2.3025851","3.4965076","1.3862944","0.6931472","2.1972246","1.0986123","1.0986123","5.488938","0.0","0.0","0.0","0.36772478","0.0","0.0","4.3861847","0.6931472","0.5108456","Yes"
"0.6931472","0.6931472","0.0","1.0986123","0.6931472","0.0","1.0986123","0.0","0.0","1.0986123","5.866468","0.0","0.0","0.0","0.0","0.0","0.0","5.6240177","0.0","0.0","Yes"
"2.0794415","0.6931472","0.0","0.6931472","3.295837","0.6931472","0.0","0.6931472","1.9459101","0.0","5.1817837","0.6931472","0.0","0.0","0.38136756","0.0","0.0","3.218876","1.609438","0.6931472","Yes"
"1.0986123","1.0986123","0.0","1.0986123","1.609438","0.6931472","0.0","1.0986123","1.0986123","1.0986123","2.3978953","0.0","0.0","0.6359887","0.5108257","0.0","0.0","1.609438","0.6931472","0.4054651","No"
"1.0986123","0.6931472","0.0","2.1972246","1.0986123","0.6931472","2.0794415","0.6931472","1.0986123","1.0986123","2.0794415","0.0","0.0","0.0","0.48550782","0.0","0.0","0.0","0.6931472","0.6931472","No"
"3.912023","0.6931472","0.0","3.5263605","4.890349","6.514713","1.3862944","3.4339871","3.6635616","0.5847306","7.246368","0.46430555","2.0794415","0.0","0.16689707","0.0","0.0","3.3380184","1.9459101","0.8873149","Yes"
"2.1972246","1.0986123","0.0","2.3025851","3.6888795","2.1972246","0.0","2.3025851","1.7917595","0.4054651","5.616771","0.6931472","0.0","0.4769241","0.31845373","0.0","0.0","3.5263605","2.0794415","1.178655","Yes"
"1.609438","0.6931472","0.0","0.0","2.5649493","1.9459101","0.0","0.0","1.609438","1.0986123","3.9318256","0.0","0.0","0.0","0.4054651","0.0","0.0","2.5257287","1.0986123","0.6931472","No"
"3.1780539","0.6931472","0.0","2.3025851","3.9702919","0.0","0.6931472","2.1972246","3.1354942","0.51445544","5.5053315","0.1823216","1.0986123","0.0","0.17139249","0.0","0.0","2.3451447","1.609438","0.7765229","Yes"
"1.609438","0.6931472","0.0","0.6931472","3.2580965","1.9459101","0.0","0.6931472","1.0986123","1.0986123","4.983607","0.0","0.0","0.0","0.62860864","0.0","0.0","3.5904393","1.0986123","0.6931472","No"
"0.6931472","0.6931472","0.0","1.3862944","0.6931472","0.0","1.3862944","0.0","0.0","1.0986123","5.3565865","0.0","0.0","0.0","0.0","0.0","0.0","5.1298985","0.0","0.0","Yes"
"1.609438","1.0986123","0.0","2.0794415","2.3978953","1.9459101","1.609438","1.7917595","1.609438","1.0986123","3.3672957","0.0","0.0","0.65924567","0.3313571","0.0","0.0","1.9459101","0.6931472","0.4054651","No"
"4.5108595","0.6931472","0.0","1.7917595","4.8202815","6.3561077","0.6931472","1.609438","2.3978953","0.5901295","9.42521","0.24116205","0.6931472","0.0","0.29188675","0.0","0.0","4.9226537","5.3082676","2.626276","Yes"
"1.7917595","0.6931472","0.0","1.9459101","2.3025851","0.0","1.0986123","1.609438","1.609438","0.22314355","3.637586","0.6931472","0.6931472","0.0","0.3600028","0.0","0.0","1.974081","0.6931472","0.5877866","Yes"
"1.609438","1.0986123","0.0","2.4849067","3.0910425","1.9459101","1.609438","2.3025851","1.609438","1.0986123","5.1298985","0.0","0.0","0.65924567","0.34830666","0.6931472","0.6931472","3.7376697","0.6931472","0.4054651","Yes"
"1.9459101","1.0986123","0.0","3.0445225","3.637586","0.0","1.7917595","2.8903718","1.9459101","0.42744398","5.7589016","0.6931472","0.6931472","0.62860864","0.34830666","0.6931472","1.0986123","3.9544437","0.6931472","0.5108456","Yes"
"2.3978953","1.3862944","0.0","2.1972246","3.0445225","1.3862944","1.9459101","1.0986123","2.3978953","0.44183278","4.465908","0.6931472","0.0","0.5839479","0.3220835","0.6931472","1.609438","2.1282318","0.6931472","0.47000363","No"
"1.609438","1.0986123","0.0","3.295837","3.2580965","0.0","2.6390574","2.7080503","1.609438","0.28768212","5.3471074","0.6931472","0.6931472","0.6109091","0.4054651","0.6931472","0.6931472","3.9512436","0.6931472","0.5596158","Yes"
"2.3025851","1.7917595","0.0","3.4339871","2.9957323","0.0","3.2580965","1.7917595","2.3025851","0.48550782","5.32301","0.6931472","0.0","0.5753642","0.30421135","0.0","0.0","3.0960803","0.6931472","0.36769405","Yes"
"1.609438","1.0986123","0.0","1.7917595","3.0910425","0.0","0.6931472","1.609438","1.0986123","0.28768212","4.7791233","0.6931472","0.6931472","0.4519851","0.43286413","0.0","0.0","3.3758795","1.0986123","0.6931472","Yes"
"0.6931472","0.6931472","0.0","1.7917595","0.6931472","0.0","1.609438","0.6931472","0.6931472","1.0986123","0.6931472","0.0","0.0","0.0","0.6931472","0.0","0.0","0.0","0.6931472","0.6931472","Yes"
"1.609438","1.0986123","0.0","2.3025851","2.8332133","1.0986123","0.0","2.3025851","1.609438","0.5108257","4.204693","0.0","0.6931472","0.53062826","0.3629055","0.6931472","0.6931472","2.7880929","0.6931472","0.5596158","Yes"
"2.3978953","0.6931472","0.6931472","2.5649493","3.8501475","0.0","0.6931472","2.4849067","2.0794415","0.59598345","5.880533","0.4054651","0.6931472","0.0","0.35222062","0.0","0.0","3.558201","1.0986123","0.7419373","Yes"
"3.1354942","1.3862944","0.0","2.5649493","4.4426513","5.1817837","0.0","2.5649493","3.0445225","0.6567795","6.338594","0.6931472","0.0","0.49343392","0.2693329","0.6931472","0.6931472","3.2243156","1.7917595","0.75912213","No"
"1.3862944","1.0986123","0.0","1.609438","2.0794415","1.3862944","0.0","1.609438","1.3862944","1.0986123","2.944439","0.0","0.0","0.5389965","0.4054651","0.0","0.0","1.7917595","0.6931472","0.5108456","No"
"1.0986123","0.6931472","0.0","1.609438","1.0986123","0.6931472","1.0986123","1.0986123","1.0986123","1.0986123","1.0986123","0.0","0.0","0.0","0.5108257","0.0","0.0","0.0","0.6931472","0.6931472","No"
"1.7917595","1.0986123","0.0","2.4849067","3.0910425","2.3978953","1.609438","2.3025851","1.7917595","1.0986123","5.043425","0.0","0.0","0.6435502","0.3364722","0.6931472","0.6931472","3.4275146","0.6931472","0.47000363","Yes"
"1.0986123","0.6931472","0.0","0.6931472","2.3978953","0.6931472","0.0","0.6931472","1.0986123","1.0986123","3.7612002","0.0","0.0","0.0","0.5596158","0.0","0.0","3.0445225","1.609438","1.0986123","Yes"
"1.9459101","0.6931472","0.6931472","1.7917595","2.8903718","1.3862944","1.3862944","1.0986123","1.7917595","0.3364722","4.955827","0.6931472","0.0","0.0","0.32850403","0.0","0.0","3.149883","1.609438","0.8472836","Yes"
"1.7917595","1.0986123","0.0","2.8332133","3.4965076","2.1972246","0.0","2.8332133","1.7917595","0.5596158","5.42495","0.6931472","0.6931472","0.4924765","0.36464316","0.0","0.0","3.788725","0.6931472","0.5877866","Yes"
"1.3862944","0.6931472","0.0","1.7917595","1.3862944","1.3862944","1.7917595","0.0","1.3862944","1.0986123","1.3862944","0.0","0.0","0.0","0.6931472","0.0","0.0","0.0","0.6931472","0.6931472","Yes"
"1.7917595","1.0986123","0.0","2.1972246","2.6390574","0.0","1.609438","1.9459101","1.7917595","0.22314355","4.1431346","0.6931472","0.0","0.6435502","0.3600028","0.0","0.0","2.501436","0.6931472","0.47000363","Yes"
"3.4339871","0.6931472","0.0","2.3978953","4.1108737","6.0776424","0.0","2.3978953","3.4339871","1.0986123","4.89784","0.0","0.0","0.0","0.12516314","0.0","0.0","1.4891517","0.6931472","0.67635703","Yes"
"2.4849067","0.6931472","0.0","1.0986123","3.637586","3.912023","0.6931472","0.6931472","1.609438","0.65924567","6.5235624","0.22314355","0.0","0.0","0.21007144","0.0","0.0","4.106393","4.1108737","2.3727918","Yes"
"2.1972246","0.6931472","0.6931472","3.2580965","3.637586","1.0986123","0.6931472","3.218876","2.1972246","0.35667497","5.57973","0.6931472","1.0986123","0.0","0.3313571","0.0","0.0","3.488903","0.6931472","0.62860864","Yes"
"1.0986123","1.0986123","1.0986123","1.9459101","1.9459101","0.6931472","1.0986123","1.609438","0.6931472","1.0986123","2.9957323","0.0","0.0","0.62860864","0.5596158","0.0","0.0","2.2512918","1.0986123","0.6931472","No"
"2.944439","1.0986123","0.0","1.609438","3.6109178","0.0","0.6931472","1.3862944","2.6390574","0.5830219","5.9295893","0.43531805","1.7917595","0.31845373","0.20448317","0.6931472","1.0986123","3.006782","0.6931472","0.6061176","Yes"
"1.609438","1.0986123","0.0","1.9459101","2.0794415","1.9459101","1.609438","1.609438","1.609438","1.0986123","3.0445225","0.0","0.0","0.65924567","0.34830666","0.0","0.0","1.609438","0.6931472","0.4054651","No"
"1.9459101","1.0986123","0.0","1.9459101","2.3025851","2.6390574","1.609438","1.609438","1.7917595","0.5877866","3.3672957","0.6931472","0.0","0.6435502","0.3364722","0.0","0.0","1.5040774","0.6931472","0.4054651","No"
"1.3862944","0.6931472","0.0","1.609438","1.3862944","1.3862944","1.3862944","0.6931472","1.3862944","1.0986123","1.3862944","0.0","0.0","0.0","0.5753642","0.0","0.0","0.0","0.6931472","0.6931472","Yes"
"2.5649493","0.6931472","0.0","1.3862944","2.5649493","4.204693","1.3862944","0.0","2.5649493","1.0986123","2.5649493","0.0","0.0","0.0","0.4595323","0.0","0.0","0.0","0.6931472","0.6931472","No"
"1.3862944","0.6931472","0.0","3.218876","1.609438","1.3862944","3.218876","0.0","1.3862944","0.8909729","3.1780539","0.0","1.0986123","0.0","0.4054651","0.0","0.0","1.609438","1.0986123","0.6931472","No"
"0.0","0.6931472","0.0","2.8332133","0.0","0.0","2.8332133","0.0","0.0","1.0986123","0.0","0.0","0.0","0.0","0.0","0.0","0.0","0.0","0.0","0.0","No"
"1.3862944","0.6931472","0.0","1.609438","1.3862944","1.3862944","1.0986123","1.0986123","1.3862944","1.0986123","1.3862944","0.0","0.0","0.0","0.44183278","0.0","0.0","0.0","0.6931472","0.6931472","Yes"
"3.218876","0.6931472","0.0","1.0986123","3.6109178","0.0","0.6931472","0.6931472","3.0910425","0.40835944","6.899723","0.5108257","0.0","0.0","0.2719337","0.0","0.0","3.7054088","2.0794415","0.91629076","Yes"
"2.3025851","1.609438","0.0","1.609438","2.9957323","2.1972246","0.6931472","1.3862944","2.1972246","0.5596158","5.638355","0.6931472","0.0","0.5596158","0.28768212","0.6931472","1.0986123","3.4303966","2.3978953","1.1349764","Yes"
"1.609438","0.6931472","0.0","2.1972246","1.609438","1.9459101","2.1972246","0.0","1.609438","1.0986123","1.609438","0.0","0.0","0.0","0.6931472","0.0","0.0","0.0","0.6931472","0.6931472","No"
"1.7917595","1.0986123","0.0","2.8332133","3.5263605","0.0","1.609438","2.7080503","1.7917595","0.4054651","5.521461","0.6931472","0.6931472","0.6435502","0.38299227","0.0","0.0","3.8999505","0.6931472","0.47000363","Yes"
"1.9459101","0.6931472","0.0","1.609438","3.5263605","0.0","0.6931472","1.3862944","1.9459101","0.3364722","5.278115","0.6931472","0.6931472","0.0","0.4054651","0.0","0.0","3.460514","1.0986123","0.7732052","Yes"
"1.609438","1.0986123","0.0","2.1972246","2.5649493","1.9459101","1.609438","1.9459101","1.609438","1.0986123","3.7612002","0.0","0.0","0.65924567","0.34830666","0.6931472","0.6931472","2.3513753","0.6931472","0.4054651","Yes"
"2.7080503","0.6931472","0.0","1.7917595","3.295837","3.7841897","1.0986123","1.609438","2.0794415","0.5325656","5.7071104","0.6931472","0.6931472","0.0","0.29725152","0.0","0.0","3.0411153","1.7917595","1.1676096","Yes"
"0.6931472","0.6931472","0.0","1.9459101","0.6931472","0.0","1.7917595","0.6931472","0.6931472","1.0986123","0.6931472","0.0","0.0","0.0","0.6931472","0.0","0.0","0.0","0.6931472","0.6931472","Yes"
"3.5263605","0.6931472","0.0","4.1743875","3.5263605","6.2709885","4.0430512","2.7080503","3.5263605","1.0986123","3.5263605","0.0","0.0","0.0","0.20067069","0.0","0.0","0.0","0.6931472","0.6931472","Yes"
"1.0986123","1.0986123","0.0","2.3978953","2.7080503","0.6931472","1.9459101","1.7917595","1.0986123","1.0986123","4.406719","0.0","0.0","0.6632942","0.6931472","0.6931472","0.6931472","3.701302","0.6931472","0.4054651","Yes"
"2.1972246","0.6931472","1.7917595","2.9957323","2.3025851","2.8332133","2.5649493","2.1972246","2.1972246","0.56639546","3.713572","0.6931472","0.6931472","0.0","0.2719337","0.0","0.0","1.5314764","0.6931472","0.62860864","Yes"
"2.944439","1.3862944","0.0","2.3978953","4.1431346","5.0106354","0.0","2.3978953","1.9459101","0.70290345","6.0354815","0.36772478","0.6931472","0.47000363","0.29135177","0.6931472","1.0986123","3.1208954","1.7917595","0.74720913","No"
"1.0986123","1.0986123","0.0","1.0986123","1.3862944","0.6931472","0.0","1.0986123","1.0986123","1.0986123","1.9459101","0.0","0.0","0.5877866","0.5108257","0.0","0.0","1.0986123","0.6931472","0.4054651","No"
"2.8332133","1.0986123","0.0","1.3862944","3.218876","4.6728287","0.6931472","1.0986123","2.4849067","0.28768212","5.0238805","0.6931472","0.6931472","0.44393143","0.4054651","0.6931472","1.9459101","2.2246234","1.0986123","0.72391886","Yes"
"1.7917595","1.0986123","0.0","1.7917595","2.3978953","2.1972246","0.0","1.7917595","1.7917595","0.5596158","3.465736","0.0","0.0","0.4924765","0.36464316","0.0","0.0","1.7917595","0.6931472","0.5877866","No"
"1.7917595","0.6931472","0.0","1.0986123","1.9459101","0.0","1.0986123","0.0","1.609438","0.34830666","4.644391","0.6931472","0.0","0.0","0.38299227","0.0","0.0","2.9957323","1.3862944","0.8754688","No"
"1.609438","1.0986123","0.0","1.3862944","2.8903718","0.0","0.6931472","1.0986123","1.0986123","0.44183278","4.804021","0.28768212","0.0","0.4519851","0.37156358","0.0","0.0","3.3843904","2.0794415","1.178655","Yes"
"1.3862944","0.6931472","0.0","1.3862944","2.4849067","1.3862944","0.6931472","1.0986123","1.0986123","1.0986123","3.7376697","0.0","0.0","0.0","0.5108257","0.0","0.0","2.6149597","1.0986123","0.6931472","No"
"1.609438","0.6931472","0.0","1.9459101","2.3978953","1.9459101","0.6931472","1.7917595","1.609438","1.0986123","3.5553482","0.0","0.0","0.0","0.4054651","0.0","0.0","2.1400661","0.6931472","0.5596158","No"
"1.609438","0.6931472","0.0","0.6931472","2.0794415","0.0","0.6931472","0.0","1.609438","0.28768212","3.1780539","0.6931472","0.0","0.0","0.48550782","0.0","0.0","1.704748","0.6931472","0.5596158","No"
"1.609438","1.0986123","0.0","2.4849067","3.0445225","1.9459101","1.609438","2.3025851","1.609438","1.0986123","4.934474","0.0","0.0","0.65924567","0.34830666","0.6931472","0.6931472","3.5409594","0.6931472","0.4054651","Yes"
"2.5649493","0.6931472","1.9459101","2.8332133","3.3672957","3.713572","2.5649493","1.7917595","2.4849067","0.6143663","5.075174","0.6061358","1.0986123","0.0","0.21357414","0.0","0.0","2.5455313","1.0986123","0.6931472","Yes"
"1.9459101","0.6931472","0.6931472","2.8332133","2.5649493","2.3025851","2.8332133","0.0","1.7917595","0.47000363","3.988984","0.6931472","0.0","0.0","0.36772478","0.0","0.0","2.1202636","0.6931472","0.5108456","Yes"
"2.6390574","0.6931472","0.6931472","2.0794415","3.1780539","3.5553482","1.0986123","1.7917595","2.5649493","0.613683","4.6728287","0.6931472","1.0986123","0.0","0.19867069","0.0","0.0","2.0402207","1.0986123","0.6931472","Yes"
"3.8066626","0.6931472","1.0986123","3.8286414","4.465908","6.853299","1.0986123","3.7841897","3.8066626","0.6931472","5.8435445","0.6931472","0.6931472","0.0","0.062642805","0.0","0.0","2.050621","0.6931472","0.68173224","Yes"
"2.7080503","1.0986123","0.0","3.1354942","4.204693","3.3322046","2.1972246","2.8332133","2.6390574","0.5678238","6.906755","0.6931472","0.6931472","0.53062826","0.22631311","0.6931472","1.0986123","4.250534","2.944439","1.1676096","Yes"
"1.9459101","1.609438","0.0","1.7917595","2.7080503","0.0","1.0986123","1.3862944","1.7917595","0.64185387","5.549076","0.6931472","0.0","0.5596158","0.31845373","0.6931472","1.3862944","3.7455747","2.3978953","1.4271244","Yes"
"0.6931472","0.6931472","0.0","1.7917595","0.6931472","0.0","1.609438","0.6931472","0.6931472","1.0986123","0.6931472","0.0","0.0","0.0","0.6931472","0.0","0.0","0.0","0.6931472","0.6931472","Yes"
"1.609438","1.0986123","0.0","1.9459101","2.8332133","0.0","0.6931472","1.7917595","1.3862944","0.15415065","4.465908","0.6931472","0.6931472","0.5108257","0.4054651","0.0","0.0","3.0445225","0.6931472","0.4054651","Yes"
"1.7917595","1.0986123","0.0","2.1972246","2.4849067","2.3978953","1.609438","1.9459101","1.7917595","1.0986123","3.9702919","0.0","0.0","0.6435502","0.3364722","0.6931472","0.6931472","2.3418057","0.6931472","0.47000363","No"
"2.0794415","0.6931472","0.0","1.3862944","2.3025851","2.4849067","1.3862944","0.0","2.0794415","0.4769241","3.7841897","0.6931472","0.0","0.0","0.42121348","0.0","0.0","1.7429693","0.6931472","0.6190161","Yes"
"1.7917595","0.6931472","0.6931472","1.3862944","1.9459101","2.3978953","0.6931472","1.0986123","1.7917595","1.0986123","2.6390574","0.0","0.0","0.0","0.3920421","0.0","0.0","0.9555114","0.6931472","0.5877866","Yes"
"1.3862944","1.7917595","0.0","3.583519","1.9459101","1.3862944","3.5553482","0.6931472","1.3862944","0.91629076","2.8903718","0.6931472","0.0","0.6931472","0.5753642","0.0","0.0","1.6739764","0.0","0.0","Yes"
"3.0910425","0.6931472","0.0","2.5649493","3.713572","3.9702919","1.609438","2.1972246","3.0910425","0.520776","5.0875964","0.0","1.3862944","0.0","0.19415604","0.0","0.0","2.0180726","1.0986123","0.71666837","Yes"
"1.9459101","0.6931472","1.609438","2.5649493","2.944439","2.0794415","1.609438","2.1972246","1.3862944","0.5108257","4.6051702","0.6931472","0.6931472","0.0","0.34830666","0.0","0.0","2.7725887","1.609438","1.0414422","Yes"
"0.0","0.6931472","0.0","0.6931472","0.0","0.0","0.6931472","0.0","0.0","1.0986123","1.0986123","0.0","0.0","0.0","0.0","0.0","0.0","0.0","0.0","0.0","No"
"2.3025851","0.6931472","0.0","2.7725887","4.3694477","0.0","0.0","2.7725887","1.7917595","0.5531011","6.403574","0.5465437","1.3862944","0.0","0.35222062","0.0","0.0","4.186282","2.1972246","1.0608758","Yes"
"1.7917595","1.3862944","1.0986123","2.8332133","2.944439","0.0","2.7725887","0.6931472","1.609438","0.5108257","5.963579","0.4054651","0.6931472","0.6241543","0.3364722","0.6931472","0.6931472","4.335983","2.7080503","1.7578579","No"
"1.7917595","0.6931472","1.3862944","1.9459101","1.9459101","0.0","1.7917595","0.6931472","1.609438","0.48550782","3.4339871","0.6931472","0.6931472","0.0","0.38299227","0.0","0.0","1.7227666","1.0986123","0.6931472","Yes"
"1.3862944","1.0986123","0.0","1.609438","2.7080503","0.0","0.6931472","1.3862944","1.0986123","0.22314355","4.691348","0.6931472","0.6931472","0.5108257","0.4769241","0.0","0.0","3.5648267","1.0986123","0.6931472","Yes"
"1.0986123","0.6931472","0.0","1.609438","1.7917595","0.6931472","0.6931472","1.3862944","1.0986123","1.0986123","3.0445225","0.0","0.0","0.0","0.4054651","0.0","0.0","2.3025851","1.609438","1.0986123","No"
"1.3862944","1.0986123","0.0","1.3862944","1.9459101","1.3862944","0.0","1.3862944","1.3862944","1.0986123","2.8903718","0.0","0.0","0.67575544","0.42744398","0.0","0.0","1.734601","0.6931472","0.28765708","No"
"3.2580965","0.6931472","0.0","2.944439","4.189655","5.7071104","0.6931472","2.8903718","3.2580965","1.0986123","5.8636312","0.0","0.0","0.0","0.14841998","0.0","0.0","2.6419103","2.1972246","0.8241754","Yes"
"1.7917595","1.0986123","0.0","1.9459101","3.4011974","0.0","0.0","1.9459101","1.7917595","0.22314355","5.5683446","0.6931472","0.0","0.5500463","0.37156358","0.0","0.0","3.94739","1.3862944","0.9555114","Yes"
"3.6888795","0.6931472","0.0","2.944439","4.3438053","0.0","1.3862944","2.7725887","3.6635616","0.025975505","5.3033047","0.6931472","0.6931472","0.0","0.10536056","0.0","0.0","1.6297432","0.6931472","0.6671625","Yes"
"1.3862944","0.6931472","0.0","1.0986123","1.3862944","1.3862944","0.6931472","1.0986123","1.3862944","1.0986123","1.3862944","0.0","0.0","0.0","0.44183278","0.0","0.0","0.0","0.6931472","0.6931472","No"
"0.6931472","0.6931472","0.0","2.0794415","1.0986123","0.0","2.0794415","0.0","0.6931472","1.0986123","1.9459101","0.0","0.0","0.0","0.6931472","0.0","0.0","1.3862944","0.0","0.0","No"
"1.9459101","1.0986123","0.0","2.3025851","2.7725887","2.4849067","1.3862944","2.1972246","1.7917595","0.5877866","4.304065","0.6931472","0.0","0.6435502","0.3364722","0.0","0.0","2.4709203","1.609438","0.6931472","No"
"3.0910425","0.6931472","0.0","2.4849067","4.8202815","5.056246","0.6931472","2.4849067","2.8332133","0.65862966","7.6530204","0.6931472","1.0986123","0.0","0.19153817","0.0","0.0","4.601353","3.583519","1.2992921","No"
"1.7917595","0.6931472","0.0","0.6931472","2.3978953","0.0","0.6931472","0.6931472","1.7917595","0.0","3.8501475","0.6931472","0.0","0.0","0.42744398","0.0","0.0","2.1972246","1.3862944","0.7884574","No"
"0.0","0.6931472","0.0","0.0","0.0","0.0","0.0","0.0","0.0","1.0986123","0.0","0.0","0.0","0.0","0.0","0.0","0.0","0.0","0.0","0.0","No"
"2.7080503","0.6931472","0.0","1.609438","3.7376697","3.5263605","1.0986123","1.609438","2.4849067","0.45547557","5.846439","0.6931472","0.6931472","0.0","0.35667497","0.0","0.0","3.198673","1.0986123","0.6931472","Yes"
"1.3862944","0.6931472","0.0","1.0986123","1.3862944","1.3862944","1.0986123","0.0","1.3862944","1.0986123","1.3862944","0.0","0.0","0.0","0.6931472","0.0","0.0","0.0","0.6931472","0.6931472","No"
"0.6931472","0.6931472","0.0","1.7917595","0.6931472","0.0","1.7917595","0.0","0.6931472","1.0986123","0.6931472","0.0","0.0","0.0","0.6931472","0.0","0.0","0.0","0.6931472","0.6931472","No"
"1.9459101","0.6931472","0.0","1.0986123","1.9459101","2.7725887","0.6931472","0.6931472","1.9459101","1.0986123","1.9459101","0.0","0.0","0.0","0.6931472","0.0","0.0","0.0","0.6931472","0.6931472","No"
"1.609438","0.6931472","0.0","1.0986123","2.3025851","0.0","0.6931472","0.6931472","1.609438","0.0","3.3672957","0.6931472","0.0","0.0","0.48550782","0.0","0.0","1.9095426","0.6931472","0.5596158","No"
"1.9459101","0.6931472","0.0","1.3862944","3.4965076","2.6390574","0.0","1.3862944","1.609438","0.748717","5.7838254","0.6931472","0.0","0.0","0.3364722","0.0","0.0","3.9671423","0.6931472","0.5108456","No"
"1.3862944","1.3862944","0.0","1.3862944","2.6390574","1.3862944","0.6931472","1.0986123","1.0986123","1.0986123","4.3820267","0.0","0.0","0.65392643","0.44183278","0.6931472","0.6931472","3.2708356","0.6931472","0.5108456","No"
"1.9459101","0.6931472","0.0","2.0794415","2.3978953","0.0","2.0794415","0.0","1.609438","0.0","3.871201","0.6931472","0.0","0.0","0.28768212","0.6931472","0.6931472","2.036882","1.3862944","0.7732052","Yes"
"3.0445225","1.3862944","0.0","1.609438","3.3672957","4.26268","0.6931472","1.3862944","3.0445225","0.4054651","5.5529594","0.6931472","1.0986123","0.58451337","0.38526243","0.6931472","0.6931472","2.5376573","1.0986123","0.5877866","Yes"
"1.3862944","0.6931472","0.0","0.6931472","1.9459101","0.0","0.6931472","0.0","1.0986123","0.0","3.1354942","0.6931472","0.0","0.0","0.5108257","0.0","0.0","1.9459101","1.0986123","0.6931472","No"
"1.0986123","0.6931472","0.0","1.3862944","1.3862944","0.0","1.3862944","0.0","1.0986123","0.28768212","3.4339871","0.0","0.0","0.0","0.5596158","0.0","0.0","2.6026897","0.6931472","0.4054651","No"
"1.609438","0.6931472","0.0","1.609438","3.3672957","0.0","0.6931472","1.3862944","1.609438","0.36772478","5.267858","0.6931472","0.0","0.0","0.4054651","0.0","0.0","3.8607297","0.6931472","0.5596158","No"
"0.6931472","0.6931472","0.0","1.3862944","1.0986123","0.0","1.3862944","0.0","0.6931472","1.0986123","2.5649493","0.0","0.0","0.0","0.6931472","0.0","0.0","2.3025851","0.0","0.0","No"
"1.0986123","0.6931472","0.0","1.3862944","1.3862944","0.6931472","1.3862944","0.6931472","0.6931472","0.6931472","2.7725887","0.0","1.0986123","0.0","0.6931472","0.0","0.0","1.8718022","0.6931472","0.4054651","Yes"
"2.8332133","0.6931472","0.0","2.0794415","2.8332133","4.7957907","1.609438","1.3862944","2.8332133","1.0986123","2.8332133","0.0","0.0","0.0","0.17622666","0.0","0.0","0.0","0.6931472","0.6931472","Yes"
"2.1972246","0.6931472","0.0","2.3025851","3.218876","0.0","2.1972246","0.6931472","2.1972246","0.13353144","4.7095304","0.6931472","0.6931472","0.0","0.28141248","0.6931472","0.6931472","2.6026897","1.609438","0.8109302","Yes"
"2.0794415","0.6931472","0.0","2.0794415","3.4965076","2.3025851","0.0","2.0794415","2.0794415","0.4769241","5.5012584","0.6931472","0.0","0.0","0.38484582","0.0","0.0","3.5388868","0.6931472","0.5390048","No"
"1.609438","0.6931472","0.0","0.6931472","1.609438","1.9459101","0.6931472","0.0","1.609438","1.0986123","1.609438","0.0","0.0","0.0","0.6931472","0.0","0.0","0.0","0.6931472","0.6931472","No"
"2.3978953","0.6931472","0.0","1.0986123","3.4339871","2.4849067","1.0986123","0.6931472","1.609438","0.5482132","5.3471074","0.6931472","0.0","0.0","0.3083014","0.0","0.0","3.0056827","0.6931472","0.5877866","Yes"
"1.3862944","0.6931472","0.0","1.3862944","1.609438","1.3862944","1.3862944","0.6931472","1.0986123","0.6931472","3.713572","0.0","1.9459101","0.0","0.5596158","0.0","0.0","2.4277482","0.6931472","0.5108456","No"
"2.5649493","1.0986123","0.0","1.609438","3.8286414","4.1743875","0.0","1.609438","1.609438","0.6466272","5.866468","0.6931472","0.0","0.6017974","0.25951123","1.0986123","1.0986123","3.3758795","1.9459101","0.91629076","No"
"1.3862944","0.6931472","0.0","1.7917595","1.3862944","1.3862944","1.7917595","0.0","1.3862944","1.0986123","1.3862944","0.0","0.0","0.0","0.4054651","0.0","0.0","0.0","0.6931472","0.6931472","No"
"0.0","0.6931472","0.0","0.6931472","0.0","0.0","0.6931472","0.0","0.0","1.0986123","0.0","0.0","0.0","0.0","0.0","0.0","0.0","0.0","0.0","0.0","No"
"1.3862944","1.3862944","0.0","0.6931472","1.609438","0.0","0.6931472","0.0","1.3862944","0.4054651","3.0910425","0.6931472","0.0","0.6390799","0.44183278","0.0","0.0","1.8458267","0.6931472","0.5108456","No"
"2.3025851","0.6931472","0.0","1.609438","2.6390574","3.0445225","0.6931472","1.609438","2.1972246","0.58314633","4.189655","0.6931472","1.0986123","0.0","0.24512246","0.0","0.0","1.9299098","1.0986123","0.6931472","No"
"4.5217886","0.6931472","0.0","3.583519","5.587249","8.174703","2.5649493","3.4339871","3.8286414","0.6262779","8.23031","0.6931472","1.0986123","0.0","0.11241888","0.0","0.0","3.7154465","2.1972246","0.7723281","Yes"
"0.6931472","0.6931472","0.0","1.3862944","0.6931472","0.0","1.0986123","0.6931472","0.6931472","1.0986123","0.6931472","0.0","0.0","0.0","0.6931472","0.0","0.0","0.0","0.6931472","0.6931472","No"
"1.3862944","1.3862944","0.6931472","2.4849067","1.9459101","1.3862944","2.4849067","0.0","1.3862944","1.0986123","2.944439","0.0","0.0","0.6931472","0.5753642","0.0","0.0","1.7917595","0.0","0.0","No"
"1.3862944","1.3862944","0.0","0.6931472","1.609438","0.0","0.6931472","0.0","1.3862944","0.4054651","3.0910425","0.6931472","0.0","0.6390799","0.5108257","0.0","0.0","1.8458267","0.6931472","0.5108456","No"
"2.7080503","0.6931472","0.0","2.4849067","2.8332133","4.158883","2.4849067","0.6931472","2.6390574","0.36179006","4.9767337","0.6931472","0.0","0.0","0.31287238","0.0","0.0","2.2881963","1.3862944","0.49646297","No"
"2.7080503","0.6931472","0.0","1.0986123","3.3672957","4.3820267","1.0986123","0.0","2.6390574","0.592051","5.1416636","0.6931472","0.0","0.0","0.2513144","0.0","0.0","2.4729304","0.6931472","0.6190161","No"
"1.9459101","0.6931472","0.0","1.0986123","3.5263605","2.7725887","0.6931472","0.6931472","1.609438","1.0986123","5.46806","0.0","0.0","0.0","0.26966357","0.0","0.0","3.6720724","0.6931472","0.6061176","No"
"3.0445225","1.0986123","0.0","1.609438","4.2195077","5.209486","0.0","1.609438","1.609438","0.65287334","6.173786","0.6931472","0.0","0.55552584","0.20900899","1.0986123","2.0794415","3.1717842","1.3862944","0.8329091","No"
"2.7725887","0.6931472","0.0","2.3025851","2.7725887","4.6634393","1.9459101","1.609438","2.7725887","1.0986123","2.7725887","0.0","0.0","0.0","0.26236424","0.0","0.0","0.0","0.6931472","0.6931472","No"
"2.7725887","1.0986123","0.0","1.0986123","3.637586","4.6634393","0.0","1.0986123","1.7917595","1.0986123","5.710427","0.0","0.0","0.5810299","0.23638877","0.6931472","1.7917595","2.9990602","1.0986123","0.6931472","No"
"1.609438","0.6931472","0.0","1.609438","2.8332133","1.609438","1.609438","0.0","1.3862944","0.5108257","4.454347","0.6931472","0.0","0.0","0.28768212","0.0","0.0","3.0325463","1.0986123","0.5596158","No"
"0.6931472","0.6931472","0.0","1.3862944","0.6931472","0.0","1.3862944","0.0","0.6931472","1.0986123","0.6931472","0.0","0.0","0.0","0.6931472","0.0","0.0","0.0","0.6931472","0.6931472","No"
"1.9459101","1.0986123","0.0","1.0986123","3.3322046","2.6390574","0.0","1.0986123","1.3862944","0.5877866","5.2522736","0.6931472","0.0","0.6482966","0.33986783","1.0986123","1.0986123","3.4499876","1.609438","0.8472836","No"
"1.7917595","0.6931472","0.0","0.0","3.2580965","2.1972246","0.0","0.0","1.609438","0.5596158","5.247024","0.6931472","0.0","0.0","0.3629055","0.0","0.0","3.627004","0.6931472","0.47000363","No"
"1.609438","0.6931472","0.0","1.3862944","1.7917595","0.0","1.3862944","0.6931472","1.609438","0.0","3.0445225","0.6931472","0.0","0.0","0.5596158","0.0","0.0","1.5581446","0.6931472","0.5596158","No"
"2.3978953","1.0986123","0.0","1.0986123","3.5263605","3.8286414","0.0","1.0986123","1.3862944","1.0986123","5.4424176","0.0","0.0","0.6165139","0.23399356","0.6931472","1.609438","3.1354942","1.3862944","0.7884574","No"
"2.3978953","0.6931472","0.0","1.609438","2.8332133","2.8903718","1.609438","0.0","2.3978953","0.42381427","4.762174","0.6931472","0.0","0.0","0.28768212","0.6931472","0.6931472","2.4159138","1.7917595","0.7419373","No"
"1.0986123","0.6931472","0.0","0.0","1.9459101","0.0","0.0","0.0","1.0986123","0.0","3.3672957","0.6931472","0.0","0.0","0.5596158","0.0","0.0","2.5649493","0.6931472","0.4054651","No"
"1.3862944","0.6931472","0.0","1.0986123","1.3862944","1.3862944","1.0986123","0.0","1.3862944","1.0986123","1.3862944","0.0","0.0","0.0","0.5108257","0.0","0.0","0.0","0.6931472","0.6931472","No"
"3.9702919","0.6931472","1.7917595","2.9957323","5.247024","7.097549","2.3978953","2.6390574","3.1354942","0.6428854","8.183118","0.6931472","0.6931472","0.0","0.120416895","0.0","0.0","4.2290773","2.3978953","0.8770508","Yes"
"2.8332133","0.6931472","0.0","2.1972246","4.317488","4.317488","0.0","2.1972246","2.7725887","0.6241543","6.731018","0.6931472","0.0","0.0","0.230261","0.0","0.0","3.952445","3.3672957","1.370546","Yes"
"2.3025851","0.6931472","0.0","1.609438","2.8903718","2.3978953","1.609438","0.0","2.3025851","0.37729427","4.744932","0.6931472","0.0","0.0","0.27369583","0.6931472","0.6931472","2.5123055","1.609438","0.74720913","No"
"1.3862944","1.609438","0.0","1.3862944","1.9459101","1.3862944","1.0986123","0.6931472","1.3862944","1.0986123","2.944439","0.0","0.0","0.6931472","0.5753642","0.0","0.0","1.7917595","0.0","0.0","No"
